Gene,Chromosome,Position,Variant Type,Variant Info,Ref Allele,Alt Allele,Allele Fraction,Ref Count,Alt Count,GT,Phasing Set,DNA Change,Protein Change,HGNC Name,HGNC Family,Uniprot ID,GC Content,CIViC ID,CIViC Description,CIViC Score,Likely LOF,Hess Driver,Hess Signature,Revel Score,GWAS Disease,GWAS PMID,Tumor Suppressor High Impact,Vep Biotype,Gnomade AF,VEP Swissprot,Dbsnp Rs ID,Polyphen,Vep Pli Gene Value,Vep LoF Tool,Gnomadg AF,Rescue,Vep Clin Sig,DP,Ensembl Feature ID,Transcript Likely LoF,Gtex Gene,Brca1 Func Score,Pharmgkb ID,Molecular Consequence,Vep Hgnc ID,Vep Existing Variation,Vep Mane Select,Sift,Vep ENSP,Ensembl Gene ID,Provean Prediction,NMD,Vep Somatic,Vep Impact,Oncogene High Impact,AM class,AM Pathogenicity,Hotspot,Intron,Exon,Rescue Reason
MORN1,chr1,2372518,SNV,missense_variant,G,T,0.528,18,18,0/1,,ENST00000378531.8:c.708C>A,p.N236K,MORN repeat containing 1,,Q5T089-1,0.5810473815461347,,,,False,False,,0.047,,,False,protein_coding,7.525e-06,Q5T089.124,,benign(0),0.0,0.788,6.577e-06,False,,36,ENST00000378531,,,,,,HGNC:25852,rs753484372&COSV66002951,NM_024848.3,tolerated(0.75),ENSP00000367792,ENSG00000116151,Neutral,,0&1,MODERATE,False,likely_benign,0.1385,False,,8/14,
USP48,chr1,21753050,SNV,missense_variant,C,T,0.518,19,19,0/1,,ENST00000308271.14:c.482G>A,p.R161Q,ubiquitin specific peptidase 48,Ubiquitin specific peptidases,Q86UV5-1,0.314214463840399,,,,False,False,,0.055,,,False,protein_coding,2.738e-06,Q86UV5.182,,benign(0.246),1.0,0.533,6.581e-06,False,,38,ENST00000308271,,,,,,HGNC:18533,rs1038866204,NM_032236.8,deleterious_low_confidence(0),ENSP00000309262,ENSG00000090686,Damaging,,,MODERATE,False,likely_benign,0.3116,False,,4/27,
EYA3,chr1,27997341,deletion,inframe_deletion,TCAG,T,0.25,26,8,0|1,27997341.0,ENST00000373871.8:c.1118_1120del,p.S373_D374delinsY,EYA transcriptional coactivator and phosphatase 3,EYA transcriptional coactivator and phosphatases,Q99504-1,0.3895781637717121,,,,False,False,,,,,False,protein_coding,0.0,Q99504.191,,,1.0,0.237,0.0,False,,34,ENST00000373871,,,,,,HGNC:3521,,NM_001990.4,,ENSP00000362978,ENSG00000158161,,,,MODERATE,False,,,False,,13/18,
AKIRIN1,chr1,38998206,SNV,missense_variant,C,T,0.371,22,13,0/1,,ENST00000432648.8:c.256C>T,p.R86C,akirin 1,,Q9H9L7-1,0.3815461346633416,,,,False,False,,0.462,,,False,protein_coding,4.108e-06,Q9H9L7.139,,probably_damaging(0.975),0.67,,0.0,False,,35,ENST00000432648,,,,,,HGNC:25744,rs1444865140&COSV100881990,NM_024595.3,deleterious(0.04),ENSP00000392678,ENSG00000174574,Damaging,,0&1,MODERATE,False,likely_pathogenic,0.7278,False,,2/5,
KLF18,chr1,44140350,substitution,missense_variant,CT,TC,0.875,0,6,0|1,44140328.0,ENST00000634670.1:c.1281_1282delinsGA,p.A428T,Kruppel like factor 18,Kruppel like factors,,0.5696517412935324,,,,False,False,,,,,False,protein_coding,0.0,A0A0U1RQI7.40,,,,,0.0,False,,6,ENST00000634670,,,,,,HGNC:51793,,NM_001358438.1,,ENSP00000489024,ENSG00000283039,,,,MODERATE,False,,,False,,1/2,
PGM1,chr1,63654417,SNV,missense_variant,A,C,0.553,19,21,0/1,,ENST00000371084.8:c.1550A>C,p.Y517S,phosphoglucomutase 1,,P36871-1,0.4788029925187032,,,,False,False,,0.625,,,False,protein_coding,8.893e-06,P36871.223,,probably_damaging(1),0.0,0.803,0.0,False,,40,ENST00000371084,,,,,,HGNC:8905,rs773127524,NM_002633.3,deleterious_low_confidence(0),ENSP00000360125,ENSG00000079739,Damaging,,,MODERATE,False,likely_pathogenic,0.948,False,,10/11,
SMG5,chr1,156265915,SNV,missense_variant,A,T,0.542,22,28,0/1,,ENST00000361813.5:c.1721T>A,p.M574K,"SMG5, nonsense mediated mRNA decay factor",,,0.571072319201995,,,,False,False,,0.232,,,False,protein_coding,6.84e-07,Q9UPR3.177,,benign(0.001),1.0,0.506,6.571e-06,False,,50,ENST00000361813,,,,,,HGNC:24644,rs1211014715,NM_015327.3,tolerated(0.32),ENSP00000355261,ENSG00000198952,Neutral,,,MODERATE,False,likely_pathogenic,0.8476,False,,12/22,
DNAH14,chr1,225351708,SNV,missense_variant,G,C,0.475,20,18,0/1,,ENST00000682510.1:c.11358G>C,p.Q3786H,dynein axonemal heavy chain 14,"Dyneins, axonemal",,0.341645885286783,,,,False,False,,0.181,,,False,protein_coding,0.0,,,benign(0.195),0.0,0.997,0.0,False,,38,ENST00000682510,,,,,,HGNC:2945,,NM_001367479.1,deleterious(0),ENSP00000508305,ENSG00000185842,Damaging,,,MODERATE,False,,,False,,72/86,
NDUFB8,chr10,100529831,deletion,frameshift_variant,CCCGGCCCTGGCCA,C,0.402,33,20,0/1,,ENST00000299166.9:c.8_20del,p.V3GfsTer15,NADH:ubiquinone oxidoreductase subunit B8,NADH:ubiquinone oxidoreductase supernumerary subunits,O95169-1,0.6029055690072639,,,,True,False,,,,,False,protein_coding,0.0,O95169.200,,,0.35,0.334,0.0,False,,53,ENST00000299166,,,,,,HGNC:7703,,NM_005004.4,,ENSP00000299166,ENSG00000166136,,,,HIGH,False,,,False,,1/5,
C10orf120,chr10,122699409,SNV,missense_variant,T,C,0.673,14,29,0/1,,ENST00000329446.5:c.180A>G,p.I60M,chromosome 10 open reading frame 120,,,0.5062344139650873,,,,False,False,,0.136,,,False,protein_coding,0.0,Q5SQS8.114,,benign(0.023),0.0,0.953,0.0,False,,43,ENST00000329446,,,,,,HGNC:25707,rs1163185060,NM_001010912.4,tolerated(0.09),ENSP00000331012,ENSG00000183559,Neutral,,,MODERATE,False,likely_benign,0.1046,False,,2/3,
MUC6,chr11,1017337,substitution,missense_variant,TC,CA,0.365,82,48,0|1,1017302.0,ENST00000421673.7:c.5463_5464delinsTG,p.Q1821_T1822delinsHA,"mucin 6, oligomeric mucus/gel-forming",Mucins,,0.5746268656716418,,,,False,False,,,,,False,protein_coding,0.0,Q6W4X9.143,,,0.0,0.987,0.0,False,,130,ENST00000421673,,,,,,HGNC:7517,rs34232586&COSV70133387,NM_005961.3,,ENSP00000406861,ENSG00000184956,,,0&1,MODERATE,False,,,False,,31/33,
MUC5AC,chr11,1191328,deletion,inframe_deletion,TCTGCCTCTACAGCCAGCACAACCTCTGGTCCTGGAAGTACTCCCAGCCCTGTTCCCACCACCAGCACAACCTCTGCTCCTACAACCAGAACAACCC,T,0.241,19,7,0/1,,ENST00000621226.2:c.13220_13315del,p.S4407_G4438del,"mucin 5AC, oligomeric mucus/gel-forming",Mucins,,0.5665322580645161,,,,False,False,,,,,False,protein_coding,0.0,P98088.199,,,,,0.0,False,,26,ENST00000621226,,,,,,HGNC:7515,,NM_001304359.2,,ENSP00000485659,ENSG00000215182,,,,MODERATE,False,,,False,,31/49,
IGSF22,chr11,18706936,deletion,frameshift_variant,GGTGTCCCTGGAGTCAA,G,0.357,29,17,0/1,,ENST00000513874.6:c.3542_3557del,p.L1181PfsTer12,immunoglobulin superfamily member 22,I-set domain containing Fibronectin type III domain containing,Q8N9C0-2,0.5288461538461539,,,,True,False,,,,,False,protein_coding,0.0,Q8N9C0.158,,,0.0,0.984,0.0,False,,46,ENST00000513874,,,,,,HGNC:26750,,NM_173588.4,,ENSP00000421191,ENSG00000179057,,,,HIGH,False,,,False,,21/23,
CAPRIN1,chr11,34071726,SNV,missense_variant&splice_region_variant,G,C,0.604,20,32,0/1,,ENST00000341394.9:c.217G>C,p.G73R,cell cycle associated protein 1,,Q14444-1,0.3291770573566084,,,,False,False,,0.101,,,False,protein_coding,0.0,Q14444.190,,possibly_damaging(0.56),1.0,0.379,0.0,False,,52,ENST00000341394,,,,,,HGNC:6743,,NM_005898.5,deleterious(0.01),ENSP00000340329,ENSG00000135387,Damaging,,,MODERATE,False,likely_pathogenic,0.9785,False,,3/19,
CD6,chr11,61009581,SNV,missense_variant,C,T,0.537,18,23,0/1,,ENST00000313421.11:c.791C>T,p.S264F,CD6 molecule,Scavenger receptor cysteine rich domain containing CD molecules,P30203-1,0.6084788029925187,,,,False,False,,0.141,,,False,protein_coding,6.886e-07,P30203.189,,probably_damaging(0.942),0.0,0.584,0.0,False,,41,ENST00000313421,,,,,,HGNC:1691,rs1287604780,NM_006725.5,deleterious(0),ENSP00000323280,ENSG00000013725,Damaging,,,MODERATE,False,likely_benign,0.3167,False,,5/13,
PLCB3,chr11,64265029,substitution,missense_variant,AG,CC,0.235,12,3,0|1,64265023.0,ENST00000279230.12:c.2731_2732delinsCC,p.S911P,phospholipase C beta 3,Phospholipases C2 domain containing phospholipases,Q01970-1,0.6492537313432836,,,,False,False,,,,,False,protein_coding,0.0,Q01970.223,,benign(0.038),0.97,0.488,0.0,False,,15,ENST00000279230,,,,,,HGNC:9056,,NM_000932.5,tolerated(0.13),ENSP00000279230,ENSG00000149782,,,,MODERATE,False,,,False,,23/31,
LINC02714,chr11,134735191,deletion,splice_donor_variant&splice_donor_5th_base_variant&non_coding_transcript_exon_variant&intron_variant,CAGCGATGGAGAACTGGGGTTCGTGGGCAGAGTGGTGAGCGACGGAGAACTGGGGTTCGTGGGCAGAGTGGTGAGCGACGGAGAACTGGGGTTCGTGGGCAGAGTGGTGAGCGACGCAGAGCTGGGGTTCATGGGCAGAGTGGTGAGCGACGGAGAACTGGGGTTCGTGGGCAGAGTGGTGAGCGACGGAGAGCTGGGGTTCATGGGCAGAGTGGTG,C,0.959,0,23,1|1,,ENST00000809938.1:n.119_146+188del,,,,,0.6087662337662337,,,,True,False,,,,,False,lncRNA,0.0,,,,,,0.0,False,,23,ENST00000809938,,,,,,HGNC:54231,,,,,ENSG00000251226,,,,HIGH,False,,,False,1/1,1/2,
ACSM4,chr12,7317188,SNV,missense_variant,G,C,0.5,19,20,0/1,,ENST00000399422.5:c.672G>C,p.M224I,acyl-CoA synthetase medium chain family member 4,Acyl-CoA synthetase family,,0.456359102244389,,,,False,False,,0.112,,,False,protein_coding,4.793e-06,P0C7M7.103,,benign(0.422),0.0,0.959,0.0,False,,39,ENST00000399422,,,,,,HGNC:32016,rs753519023&COSV101257194,NM_001080454.2,deleterious(0.01),ENSP00000382349,ENSG00000215009,Neutral,,0&1,MODERATE,False,ambiguous,0.524,False,,4/13,
MUC19,chr12,40483041,deletion,frameshift_variant,AACAGGGAAAACAGGACTATCAGCTG,A,0.156,37,6,0|1,40483002.0,ENST00000454784.10:c.10090_10114del,p.T3364GfsTer2,,,,0.5011764705882353,,,,True,False,,,,,False,protein_coding_LoF,0.0,,,,,,6.604e-06,False,,43,ENST00000454784,,,,,,HGNC:14362,rs1384878536,,,ENSP00000508949,ENSG00000205592,,,,HIGH,False,,,False,,56/173,
MUC19,chr12,40489062,substitution,missense_variant,AG,GT,0.227,16,4,0|1,40489054.0,ENST00000454784.10:c.16110_16111delinsGT,p.D5371Y,,,,0.4975124378109453,,,,False,False,,,,,False,protein_coding_LoF,0.0,,,,,,0.0,False,,20,ENST00000454784,,,,,,HGNC:14362,,,,ENSP00000508949,ENSG00000205592,,,,MODERATE,False,,,False,,56/173,
BEST3,chr12,69655673,SNV,missense_variant,C,T,0.511,14,14,0/1,,ENST00000330891.10:c.1241G>A,p.R414K,bestrophin 3,Bestrophins,Q8N1M1-2,0.571072319201995,,,,False,False,,0.239,,,False,protein_coding,1.368e-06,Q8N1M1.168,,benign(0.006),0.0,0.227,6.576e-06,False,,28,ENST00000330891,,,,,,HGNC:17105,rs2042357274,NM_032735.3,tolerated(0.9),ENSP00000332413,ENSG00000127325,Neutral,,,MODERATE,False,likely_benign,0.0926,False,,10/10,
ACSS3,chr12,81078183,insertion,frameshift_variant,G,GC,0.485,16,15,0/1,,ENST00000548058.6:c.65dup,p.G23WfsTer89,acyl-CoA synthetase short chain family member 3,Acyl-CoA synthetase family,Q9H6R3-1,0.665,,,,True,False,,,,,False,protein_coding,2.155e-06,Q9H6R3.165,,,0.0,0.908,0.0,False,,31,ENST00000548058,,,,,,HGNC:24723,rs1880735497,NM_024560.4,,ENSP00000449535,ENSG00000111058,,,,HIGH,False,,,False,,1/16,
GJA3,chr13,20142082,deletion,inframe_deletion,GGGCCGCGGTGGTCAC,G,0.492,23,23,0/1,,ENST00000241125.4:c.1192_1206del,p.V398_A402del,gap junction protein alpha 3,Gap junction proteins,,0.6963855421686747,,,,False,False,,,,,False,protein_coding,0.0,Q9Y6H8.194,,,0.0,,0.0,False,,46,ENST00000241125,,,,,,HGNC:4277,,NM_021954.4,,ENSP00000241125,ENSG00000121743,,,,MODERATE,False,,,False,,2/2,
STARD13,chr13,33129396,SNV,missense_variant,C,A,0.554,16,18,0/1,,ENST00000336934.10:c.1281G>T,p.R427S,StAR related lipid transfer domain containing 13,StAR related lipid transfer domain containing Rho GTPase activating proteins,Q9Y3M8-1,0.5336658354114713,,,,False,False,,0.183,,,False,protein_coding,0.0,Q9Y3M8.184,,benign(0.277),0.0,0.773,0.0,False,,34,ENST00000336934,,,,,,HGNC:19164,,NM_178006.4,deleterious_low_confidence(0),ENSP00000338785,ENSG00000133121,Damaging,,,MODERATE,False,ambiguous,0.5019,False,,5/14,
RNASE8,chr14,21058136,SNV,missense_variant,T,G,0.541,16,20,0/1,,ENST00000308227.2:c.244T>G,p.C82G,ribonuclease A family member 8,Ribonuclease A family,,0.543640897755611,,,,False,False,,0.594,,,False,protein_coding,0.0,Q8TDE3.146,,,0.01,0.63,0.0,False,,36,ENST00000308227,,,,,,HGNC:19277,COSV57551490,NM_138331.2,deleterious(0.02),ENSP00000311398,ENSG00000173431,Damaging,,1,MODERATE,False,likely_benign,0.2206,False,,1/1,
TTC6,chr14,37622820,substitution,missense_variant,GAG,CTC,0.595,16,21,0/1,,ENST00000553443.6:c.756_758inv,p.E252D,tetratricopeptide repeat domain 6,Tetratricopeptide repeat domain containing,,0.6476426799007444,,,,False,False,,,,,False,protein_coding,0.0,,,,0.0,,0.0,False,,37,ENST00000553443,,,,,,HGNC:19739,rs34959493,NM_001310135.5,,ENSP00000451131,ENSG00000139865,,,,MODERATE,False,,,False,,3/33,
SYNE3,chr14,95457290,SNV,missense_variant,G,C,0.574,10,14,0/1,,ENST00000682763.1:c.676C>G,p.Q226E,spectrin repeat containing nuclear envelope family member 3,Spectrin repeat containing nuclear envelope family,Q6ZMZ3-1,0.571072319201995,,,,False,False,,0.115,,,False,protein_coding,1.368e-06,Q6ZMZ3.155,,benign(0.119),0.0,,6.575e-06,False,,24,ENST00000682763,,,,,,HGNC:19861,rs1477284050,NM_152592.6,tolerated(0.14),ENSP00000507501,ENSG00000176438,Neutral,,,MODERATE,False,,,False,,5/18,
VPS39,chr15,42165783,SNV,missense_variant,G,C,0.452,20,18,0/1,,ENST00000318006.10:c.1714C>G,p.L572V,"VPS39, HOPS complex subunit",HOPS complex,Q96JC1-2,0.4812967581047381,,,,False,False,,0.187,,,False,protein_coding,0.0,Q96JC1.177,,probably_damaging(1),0.0,0.741,0.0,False,,38,ENST00000318006,,,,,,HGNC:20593,rs1185417065&COSV104622490,NM_015289.5,deleterious(0.03),ENSP00000326534,ENSG00000166887,Damaging,,0&1,MODERATE,False,,,False,,17/25,
UQCRC2,chr16,21965506,SNV,splice_donor_variant,G,T,0.467,15,14,0/1,,ENST00000268379.9:c.612+1G>T,,ubiquinol-cytochrome c reductase core protein 2,Mitochondrial complex III: ubiquinol-cytochrome c reductase complex subunits M16 metallopeptidases,,0.3341645885286783,,,,True,False,,,,,False,protein_coding,0.0,P22695.222,,,0.01,0.681,6.572e-06,False,,29,ENST00000268379,,,,,,HGNC:12586,rs866597504,NM_003366.4,,ENSP00000268379,ENSG00000140740,,,,HIGH,False,,,False,7/13,,
MYH4,chr17,10464687,SNV,missense_variant,A,G,0.529,15,17,0/1,,ENST00000255381.2:c.527T>C,p.L176S,myosin heavy chain 4,Myosin heavy chains,,0.3491271820448878,,,,False,False,,0.899,,,False,protein_coding,4.105e-06,Q9Y623.191,,probably_damaging(0.999),0.0,0.123,6.568e-06,False,,32,ENST00000255381,ENST00000255381;,,,,,HGNC:7574,rs983643580&COSV99702266,NM_017533.2,deleterious_low_confidence(0.01),ENSP00000255381,ENSG00000264424,Damaging,,0&1,MODERATE,False,likely_pathogenic,0.9993,False,,6/40,
MYH1,chr17,10501426,SNV,missense_variant,G,A,0.477,16,15,0/1,,ENST00000226207.6:c.3422C>T,p.S1141F,myosin heavy chain 1,Myosin heavy chains,,0.5386533665835411,,,,False,False,,0.504,,,False,protein_coding,4.104e-06,P12882.216,,possibly_damaging(0.461),0.0,0.126,0.0,False,,31,ENST00000226207,,,,,,HGNC:7567,rs962365778&COSV56844101&COSV56846888,NM_005963.4,deleterious_low_confidence(0),ENSP00000226207,ENSG00000109061,Damaging,,0&1&1,MODERATE,False,ambiguous,0.3452,False,,27/40,
SUZ12,chr17,31995656,SNV,missense_variant,G,A,0.214,21,5,0/1,,ENST00000322652.10:c.1688G>A,p.R563H,SUZ12 polycomb repressive complex 2 subunit,Polycomb repressive complex 2 Zinc fingers C2H2-type,,0.341645885286783,,,,False,False,,0.608,,,False,protein_coding,0.0,Q15022.212,,probably_damaging(0.998),1.0,0.41,0.0,False,,26,ENST00000322652,,,,,,HGNC:17101,,NM_015355.4,deleterious_low_confidence(0),ENSP00000316578,ENSG00000178691,Damaging,,,MODERATE,False,likely_pathogenic,0.9977,False,,14/16,
HELZ,chr17,67190243,SNV,stop_gained,G,A,0.475,22,19,0/1,,ENST00000358691.10:c.670C>T,p.Q224Ter,helicase with zinc finger,UPF1 like RNA helicases Zinc fingers CCCH-type,P42694-1,0.3516209476309227,,,,True,False,,,,,False,protein_coding,0.0,P42694.195,,,1.0,0.00468,0.0,False,,41,ENST00000358691,,,,,,HGNC:16878,,NM_014877.4,,ENSP00000351524,ENSG00000198265,,(HELZ|ENSG00000198265.12|1|1.00),,HIGH,False,,,False,,10/33,
PIAS2,chr18,46821074,SNV,splice_acceptor_variant,T,G,0.457,13,11,0/1,,ENST00000585916.6:c.1509-2A>C,,protein inhibitor of activated STAT 2,Zinc fingers MIZ-type,O75928-1,0.4139650872817955,,,,True,False,,,,,False,protein_coding,0.0,O75928.212,,,1.0,0.184,0.0,False,,24,ENST00000585916,,,,,,HGNC:17311,,NM_004671.5,,ENSP00000465676,ENSG00000078043,,,,HIGH,False,,,False,11/13,,
ELOA2,chr18,47033932,SNV,missense_variant,C,T,0.209,31,8,1|0,47033929.0,ENST00000332567.6:c.1333G>A,p.G445S,katanin catalytic subunit A1 like 2,AAA ATPases,,0.5411471321695761,,,,False,False,,0.053,,,False,protein_coding,2.054e-06,Q8IYF1.175,,benign(0.066),,,0.0,False,,39,ENST00000332567,,,,,,HGNC:30771,rs766103603&COSV55304399,NM_016427.3,tolerated(0.24),ENSP00000331302,ENSG00000206181,Neutral,,0&1,MODERATE,False,likely_benign,0.0919,False,,1/1,
MALT1,chr18,58745690,SNV,missense_variant,G,A,0.424,19,13,0/1,,ENST00000649217.2:c.1936G>A,p.A646T,MALT1 paracaspase,CBM complex Immunoglobulin like domain containing,Q9UDY8-1,0.3366583541147132,,,,False,False,,0.033,,,False,protein_coding,0.0,Q9UDY8.223,,benign(0.003),0.99,0.492,0.0,False,,32,ENST00000649217,,,,,,HGNC:6819,COSV61934872,NM_006785.4,tolerated(0.89),ENSP00000497997,ENSG00000172175,Neutral,,1,MODERATE,False,likely_benign,0.0967,False,,16/17,
RTTN,chr18,70114523,SNV,missense_variant,G,C,0.585,15,21,0/1,,ENST00000640769.2:c.3605C>G,p.A1202G,rotatin,,Q86VV8-1,0.341645885286783,,,,False,False,,0.132,,,False,protein_coding,6.843e-07,Q86VV8.142,,benign(0.374),0.0,0.931,6.572e-06,False,,36,ENST00000640769,,,,,,HGNC:18654,rs1489768478&COSV55349636,NM_173630.4,tolerated(0.08),ENSP00000491507,ENSG00000176225,Neutral,,0&1,MODERATE,False,likely_benign,0.1586,False,,27/49,
GRIN3B,chr19,1005276,SNV,missense_variant,T,C,0.546,18,23,0/1,,ENST00000234389.3:c.1775T>C,p.L592P,glutamate ionotropic receptor NMDA type subunit 3B,Glutamate ionotropic receptor NMDA type subunits,,0.6458852867830424,,,,False,False,,0.674,,,False,protein_coding,2.737e-06,O60391.179,,probably_damaging(0.995),0.0,,0.0,False,,41,ENST00000234389,,,,,,HGNC:16768,rs900050310,NM_138690.3,deleterious(0),ENSP00000234389,ENSG00000116032,Damaging,,,MODERATE,False,ambiguous,0.4931,False,,3/9,
ARHGAP45,chr19,1085966,substitution,missense_variant,CA,TG,0.571,21,28,0/1,,ENST00000313093.7:c.3371_3372inv,p.T1124M,Rho GTPase activating protein 45,Minor histocompatibility antigens Rho GTPase activating proteins F-BAR domain containing ,Q92619-1,0.6840796019900498,,,,False,False,,,,,False,protein_coding,0.0,Q92619.177,,benign(0.151),,,0.0,False,,49,ENST00000313093,,,,,,HGNC:17102,,NM_012292.5,tolerated_low_confidence(0.08),ENSP00000316772,ENSG00000180448,,,,MODERATE,False,,,False,,23/23,
STK11,chr19,1220596,SNV,missense_variant,G,A,0.539,23,29,0/1,,ENST00000326873.12:c.613G>A,p.A205T,serine/threonine kinase 11,,Q15831-1,0.6932668329177057,,,,True,False,,0.237,,,False,protein_coding,1.322e-05,Q15831.237,730881981.0,benign(0.105),0.98,0.112,3.286e-05,True,conflicting_interpretations_of_pathogenicity&uncertain_significance,52,ENST00000326873,,,,,SO:0001583|missense_variant,HGNC:11389,rs730881981&CM1516528&COSV58824180,NM_000455.5,deleterious(0.04),ENSP00000324856,ENSG00000118046,Neutral,,0&1&1,MODERATE,False,likely_benign,0.169,False,,5/10,OncoKB
FBN3,chr19,8121370,substitution,missense_variant,GC,AA,0.514,16,17,0/1,,ENST00000600128.6:c.3098_3099delinsTT,p.R1033L,fibrillin 3,,,0.6343283582089553,,,,False,False,,,,,False,protein_coding,0.0,Q75N90.174,,benign(0.18),0.0,0.0141,0.0,False,likely_benign,33,ENST00000600128,,,,,SO:0001583|missense_variant,HGNC:18794,rs2144896688,NM_032447.5,deleterious_low_confidence(0.02),ENSP00000470498,ENSG00000142449,,,,MODERATE,False,,,False,,25/64,
TSHZ3,chr19,31279398,SNV,missense_variant,G,A,0.609,17,27,0/1,,ENST00000240587.5:c.395C>T,p.S132F,teashirt zinc finger homeobox 3,ZF class homeoboxes and pseudogenes Zinc fingers C2H2-type,,0.5860349127182045,,,,False,False,,0.472,,,False,protein_coding,3.42e-06,Q63HK5.177,,probably_damaging(0.98),0.43,0.135,0.0,False,,44,ENST00000240587,,,,,,HGNC:30700,rs1384925234,NM_020856.4,deleterious(0),ENSP00000240587,ENSG00000121297,Damaging,,,MODERATE,False,ambiguous,0.5312,False,,2/2,
MAP4K1,chr19,38596348,SNV,missense_variant,C,T,0.618,14,23,0/1,,ENST00000396857.7:c.2080G>A,p.G694S,mitogen-activated protein kinase kinase kinase kinase 1,Mitogen-activated protein kinase kinase kinase kinases,Q92918-2,0.6708229426433915,,,,False,False,,0.076,,,False,protein_coding,6.899e-07,Q92918.209,,probably_damaging(0.919),0.99,0.542,0.0,False,,37,ENST00000396857,,,,,,HGNC:6863,rs376430694,NM_001042600.3,deleterious(0.04),ENSP00000380066,ENSG00000104814,Neutral,,,MODERATE,False,likely_benign,0.1289,False,,26/31,
SELENOV,chr19,39515501,SNV,missense_variant,G,T,0.56,10,13,0/1,,ENST00000335426.9:c.289G>T,p.V97L,selenoprotein V,Selenoproteins,,0.7007481296758105,,,,False,False,,0.036,,,False,protein_coding,0.0,P59797.131,,benign(0.101),,,0.0,False,,23,ENST00000335426,,,,,,HGNC:30399,rs1028878560,NM_182704.2,tolerated(0.06),ENSP00000333956,ENSG00000186838,Neutral,,,MODERATE,False,,,False,,1/6,
C19orf81,chr19,50659129,SNV,missense_variant,A,C,0.435,25,18,0/1,,ENST00000425202.6:c.584A>C,p.N195T,chromosome 19 open reading frame 81,,,0.6907730673316709,,,,False,False,,0.078,,,False,protein_coding,0.0,C9J6K1.79,,benign(0),,,0.0,False,,43,ENST00000425202,,,,,,HGNC:40041,,NM_001195076.2,tolerated(1),ENSP00000417035,ENSG00000235034,Neutral,,,MODERATE,False,likely_benign,0.0579,False,,5/5,
LILRB2,chr19,54279557,SNV,missense_variant,G,A,0.21,29,7,0/1,,ENST00000314446.10:c.446C>T,p.A149V,leukocyte immunoglobulin like receptor B2,Inhibitory leukocyte immunoglobulin like receptors CD molecules Ig-like cell adhesion molecule family,Q8N423-2,0.5985037406483791,,,,False,False,,0.039,,,False,protein_coding,0.0,Q8N423.187,,benign(0.015),0.0,0.874,0.0,False,,36,ENST00000314446,,,,,,HGNC:6606,,NM_001080978.4,deleterious(0.04),ENSP00000319960,ENSG00000131042,Damaging,,,MODERATE,False,,,False,,5/14,
GDF7,chr2,20670771,substitution,missense_variant,GC,AA,0.514,17,19,0/1,,ENST00000272224.5:c.699_700delinsAA,p.L234M,growth differentiation factor 7,,,0.7388059701492538,,,,False,False,,,,,False,protein_coding,0.0,Q7Z4P5.135,,,0.78,,0.0,False,,36,ENST00000272224,,,,,,HGNC:4222,,NM_182828.4,,ENSP00000272224,ENSG00000143869,,,,MODERATE,False,,,False,,2/2,
EMILIN1,chr2,27085933,SNV,missense_variant,G,A,0.502,23,23,0/1,,ENST00000380320.9:c.2969G>A,p.G990E,elastin microfibril interfacer 1,EMI domain containing,Q9Y6C2-1,0.7107231920199502,,,,False,False,,0.634,,,False,protein_coding,3.621e-06,Q9Y6C2.197,,probably_damaging(0.981),0.01,,6.569e-06,False,,46,ENST00000380320,,,,,,HGNC:19880,rs1411369537,NM_007046.4,deleterious(0),ENSP00000369677,ENSG00000138080,Damaging,,,MODERATE,False,likely_pathogenic,0.9915,False,,8/8,
SEMA4C,chr2,96861457,SNV,splice_acceptor_variant,T,C,0.486,18,17,0/1,,ENST00000305476.10:c.1673-2A>G,,semaphorin 4C,Semaphorins Immunoglobulin like domain containing,,0.6109725685785536,,,,True,False,,,,,False,protein_coding,0.0,Q9C0C4.182,,,1.0,0.163,0.0,False,,35,ENST00000305476,,,,,,HGNC:10731,,NM_017789.5,,ENSP00000306844,ENSG00000168758,,,,HIGH,False,,,False,14/14,,
CRACDL,chr2,98822612,deletion,inframe_deletion,CTCTCGGCGCCCGCCGGTGGCGCCT,C,0.477,22,20,0/1,,ENST00000397899.7:c.1637_1660del,p.E546_R554delinsG,KIAA1211 like,,,0.7900943396226415,,,,False,False,,,,,False,protein_coding,0.0,Q6NV74.130,,,,,0.0,False,,42,ENST00000397899,,,,,,HGNC:33454,,NM_207362.3,,ENSP00000380996,ENSG00000196872,,,,MODERATE,False,,,False,,7/10,
TTN,chr2,178609899,SNV,missense_variant,C,T,0.436,21,17,0/1,,ENST00000589042.5:c.51524G>A,p.G17175E,titin,Fibronectin type III domain containing I-set domain containing Immunoglobulin like domain containing,,0.4413965087281795,,,,False,False,,0.642,,,False,protein_coding,2.053e-06,,,,0.0,0.971,0.0,False,,38,ENST00000589042,,,,,,HGNC:12403,rs961480775,NM_001267550.2,,ENSP00000467141,ENSG00000155657,Damaging,,,MODERATE,False,,,False,,272/363,
LIPI,chr21,14166366,SNV,missense_variant,G,T,0.55,19,21,0/1,,ENST00000681601.1:c.729C>A,p.F243L,lipase I,Lipases,Q6XZB0-1,0.3366583541147132,,,,False,False,,0.284,,,False,protein_coding,0.0,Q6XZB0.166,,benign(0.007),0.0,0.241,0.0,False,,40,ENST00000681601,,,,,,HGNC:18821,,NM_001302998.2,tolerated(0.18),ENSP00000505323,ENSG00000188992,Damaging,,,MODERATE,False,,,False,,5/10,
TNRC6B,chr22,40125824,SNV,missense_variant,A,G,0.512,21,23,0/1,,ENST00000301923.13:c.7A>G,p.T3A,trinucleotide repeat containing 6B,Trinucleotide repeat containing,Q9UPQ9-2,0.3391521197007481,,,,False,False,,0.165,,,False,protein_coding,5.48e-06,Q9UPQ9.189,,benign(0.398),1.0,0.377,6.572e-06,False,,44,ENST00000301923,,,,,,HGNC:29190,rs1433841413,,deleterious_low_confidence(0.01),ENSP00000306759,ENSG00000100354,Neutral,,,MODERATE,False,,,False,,3/24,
RPUSD3,chr3,9840594,SNV,missense_variant,C,T,0.517,16,18,0/1,,ENST00000383820.10:c.514G>A,p.A172T,tubulin tyrosine ligase like 3,Tubulin tyrosine ligase family,Q6P087-5,0.5785536159600998,,,,False,False,,0.023,,,False,protein_coding,0.0,Q6P087.145,,benign(0.005),0.0,0.931,0.0,False,,34,ENST00000383820,,,,,,HGNC:28437,rs2082088715,NM_173659.5,tolerated(0.13),ENSP00000373331,ENSG00000156990,Neutral,,,MODERATE,False,,,False,,6/9,
NBEAL2,chr3,47008668,SNV,missense_variant&splice_region_variant,C,T,0.35,25,13,0/1,,ENST00000450053.8:c.8027C>T,p.T2676I,neurobeachin like 2,BEACH domain containing  WD repeat domain containing,Q6ZNJ1-1,0.5461346633416458,,,,False,False,,0.082,,,False,protein_coding,6.845e-07,Q6ZNJ1.163,,benign(0.05),0.86,0.763,0.0,False,,38,ENST00000450053,,,,,,HGNC:31928,rs1441765437,NM_015175.3,deleterious_low_confidence(0),ENSP00000415034,ENSG00000160796,Damaging,,,MODERATE,False,likely_benign,0.2014,False,,52/54,
LRIG1,chr3,66412911,SNV,missense_variant,T,A,0.531,14,17,0/1,,ENST00000273261.8:c.751A>T,p.T251S,leucine rich repeats and immunoglobulin like domains 1,I-set domain containing,Q96JA1-1,0.5461346633416458,,,,False,False,,0.183,,,False,protein_coding,6.841e-07,Q96JA1.174,,benign(0.089),0.84,0.483,6.571e-06,False,,31,ENST00000273261,,,,,,HGNC:17360,rs1329726149,NM_015541.3,deleterious(0),ENSP00000273261,ENSG00000144749,Neutral,,,MODERATE,False,likely_benign,0.22,False,,6/19,
MUC4,chr3,195780733,substitution,missense_variant,CG,GA,0.217,20,5,0|1,195780733.0,ENST00000463781.8:c.10846_10847delinsTC,p.R3616S,"mucin 4, cell surface associated",Mucins,Q99102-1,0.5895522388059702,,,,False,False,,,,,False,protein_coding,0.0,Q99102.177,,benign(0.234),,0.938,0.0,False,,25,ENST00000463781,,,,,,HGNC:7514,,NM_018406.7,tolerated_low_confidence(1),ENSP00000417498,ENSG00000145113,,,,MODERATE,False,,,False,,2/25,
MUC4,chr3,195780766,substitution,missense_variant,TC,AT,0.156,15,3,0|1,195780733.0,ENST00000463781.8:c.10813_10814delinsAT,p.D3605I,"mucin 4, cell surface associated",Mucins,Q99102-1,0.5845771144278606,,,,False,False,,,,,False,protein_coding,0.0,Q99102.177,,possibly_damaging(0.811),,0.938,0.0,False,,18,ENST00000463781,,,,,,HGNC:7514,,NM_018406.7,deleterious_low_confidence(0),ENSP00000417498,ENSG00000145113,,,,MODERATE,False,,,False,,2/25,
MUC4,chr3,195781627,substitution,missense_variant,GC,AT,0.532,3,3,0|1,195781522.0,ENST00000463781.8:c.9952_9953delinsAT,p.A3318I,"mucin 4, cell surface associated",Mucins,Q99102-1,0.5746268656716418,,,,False,False,,,,,False,protein_coding,0.0,Q99102.177,,possibly_damaging(0.598),,0.938,0.0,False,,6,ENST00000463781,,,,,,HGNC:7514,,NM_018406.7,deleterious_low_confidence(0.01),ENSP00000417498,ENSG00000145113,,,,MODERATE,False,,,False,,2/25,
EVC2,chr4,5628716,SNV,missense_variant,T,C,0.5,19,19,0/1,,ENST00000344408.10:c.1729A>G,p.M577V,EvC ciliary complex subunit 2,,Q86UK5-1,0.3815461346633416,,,,False,False,,0.639,,,False,protein_coding,4.789e-06,Q86UK5.154,,possibly_damaging(0.819),0.0,0.947,6.679e-06,False,,38,ENST00000344408,,,,,,HGNC:19747,rs1716312033,NM_147127.5,deleterious(0),ENSP00000342144,ENSG00000173040,Damaging,,,MODERATE,False,likely_benign,0.2101,False,,12/22,
BMPR1B,chr4,95123837,SNV,missense_variant,G,T,0.533,20,23,0/1,,ENST00000515059.6:c.377G>T,p.R126M,bone morphogenetic protein receptor type 1B,Type 1 receptor serine/threonine kinases CD molecules,O00238-1,0.28428927680798,,,,False,False,,0.22,,,False,protein_coding,0.0,O00238.227,,benign(0),0.99,0.1,0.0,False,,43,ENST00000515059,,,,,,HGNC:1077,,NM_001203.3,tolerated(0.54),ENSP00000426617,ENSG00000138696,Neutral,,,MODERATE,False,likely_benign,0.1294,False,,7/13,
FAT4,chr4,125320150,SNV,missense_variant,T,C,0.477,22,20,0/1,,ENST00000394329.9:c.3739T>C,p.Y1247H,FAT atypical cadherin 4,Cadherin related,,0.3740648379052369,,,,False,False,,0.841,,,False,protein_coding,0.0,,,probably_damaging(0.989),1.0,0.323,0.0,False,,42,ENST00000394329,ENST00000394329;,,,,,HGNC:23109,,NM_001291303.3,deleterious(0),ENSP00000377862,ENSG00000196159,Damaging,,,MODERATE,False,likely_pathogenic,0.7749,False,,2/18,
GRIA2,chr4,157221781,SNV,missense_variant,C,A,0.25,23,8,0/1,,ENST00000264426.14:c.203C>A,p.A68E,glutamate ionotropic receptor AMPA type subunit 2,Glutamate ionotropic receptor AMPA type subunits,P42262-1,0.5336658354114713,,,,False,False,,0.649,,,False,protein_coding,0.0,P42262.227,,probably_damaging(0.956),1.0,0.0604,0.0,False,,31,ENST00000264426,,,,,,HGNC:4572,COSV52391724,NM_001083619.3,deleterious_low_confidence(0),ENSP00000264426,ENSG00000120251,Neutral,,1,MODERATE,False,likely_pathogenic,0.7577,False,,2/16,
EXOC3,chr5,446313,SNV,missense_variant,A,C,0.207,35,9,0/1,,ENST00000512944.6:c.108A>C,p.E36D,exocyst complex component 3,Exocyst complex,,0.5311720698254364,,,,False,False,,0.146,,,False,protein_coding,2.056e-06,O60645.180,,benign(0.177),0.76,0.371,6.578e-06,False,,44,ENST00000512944,,,,,,HGNC:30378,rs1737504361,NM_007277.5,deleterious(0.02),ENSP00000425587,ENSG00000180104,Neutral,,,MODERATE,False,likely_pathogenic,0.9823,False,,2/13,
TENT4A,chr5,6714696,SNV,missense_variant,A,G,0.382,20,12,0/1,,ENST00000230859.8:c.713A>G,p.Q238R,,,Q5XG87-1,0.7032418952618454,,,,False,False,,,,,False,protein_coding,0.0,Q5XG87.158,,benign(0.021),,,6.617e-06,False,,32,ENST00000230859,,,,,,HGNC:16705,rs1740270522,NM_006999.6,tolerated(0.27),ENSP00000230859,ENSG00000112941,,,,MODERATE,False,,,False,,1/13,
CMYA5,chr5,79729639,SNV,missense_variant,A,G,0.464,19,17,0/1,,ENST00000446378.3:c.874A>G,p.I292V,cardiomyopathy associated 5,Tripartite motif containing A-kinase anchoring proteins Fibronectin type III domain containing,,0.3765586034912718,,,,False,False,,0.024,,,False,protein_coding,2.737e-06,Q8N3K9.160,,benign(0.098),0.0,0.999,0.0,False,,36,ENST00000446378,,,,,,HGNC:14305,rs762754370,NM_153610.5,tolerated(0.12),ENSP00000394770,ENSG00000164309,Neutral,,,MODERATE,False,likely_benign,0.0842,False,,2/13,
KIAA0825,chr5,94417327,SNV,missense_variant,G,A,0.389,18,12,0/1,,ENST00000682413.1:c.2536C>T,p.P846S,KIAA0825,,,0.3167082294264339,,,,False,False,,0.025,,,False,protein_coding,0.0,,,benign(0),0.0,,0.0,False,,30,ENST00000682413,,,,,,HGNC:28532,,NM_001145678.3,tolerated(0.93),ENSP00000506760,ENSG00000185261,Neutral,,,MODERATE,False,likely_benign,0.0714,False,,15/21,
PPARGC1B,chr5,149847558,SNV,stop_lost,A,G,0.5,22,20,0/1,,ENST00000309241.10:c.3072A>G,p.Ter1024WextTer1,PPARG coactivator 1 beta,RNA binding motif containing,Q86YN6-1,0.4663341645885286,,,,True,False,,,,,False,protein_coding,0.0,Q86YN6.172,,,0.93,0.489,0.0,False,,42,ENST00000309241,,,,,,HGNC:30022,,NM_133263.4,,ENSP00000312649,ENSG00000155846,,,,HIGH,False,,,False,,12/12,
ADAMTS2,chr5,179114181,SNV,missense_variant,G,A,0.222,36,9,0/1,,ENST00000251582.12:c.3322C>T,p.P1108S,ADAM metallopeptidase with thrombospondin type 1 motif 2,ADAM metallopeptidases with thrombospondin type 1 motif,O95450-1,0.5311720698254364,,,,False,False,,0.091,,,False,protein_coding,0.0,O95450.221,,benign(0),0.99,0.135,0.0,False,,45,ENST00000251582,,,,,,HGNC:218,,NM_014244.5,tolerated_low_confidence(0.68),ENSP00000251582,ENSG00000087116,Neutral,,,MODERATE,False,likely_benign,0.0747,False,,22/22,
ERVFRD-1,chr6,11105308,SNV,start_lost,C,G,0.402,18,12,0/1,,ENST00000472091.2:c.3G>C,p.M1?,"endogenous retrovirus group FRD member 1, envelope",,,0.4513715710723192,,,,True,False,,0.145,,,False,protein_coding,0.0,P60508.161,,unknown(0),0.0,,0.0,False,,30,ENST00000472091,,,,,,HGNC:33823,COSV100977374,NM_207582.3,deleterious_low_confidence(0),ENSP00000420174,ENSG00000244476,Neutral,,1,HIGH,False,,,False,,2/2,
NUP153,chr6,17637392,SNV,missense_variant,C,T,0.403,27,18,0/1,,ENST00000262077.3:c.2225G>A,p.C742Y,nucleoporin 153,Zinc fingers RANBP2-type  Nucleoporins,P49790-1,0.4214463840399002,,,,False,False,,0.807,,,False,protein_coding,0.0,P49790.211,,probably_damaging(1),1.0,0.0641,6.569e-06,False,,45,ENST00000262077,ENST00000613258;ENST00000537253;ENST00000262077;,,,,,HGNC:8062,rs902353828,NM_005124.4,deleterious(0),ENSP00000262077,ENSG00000124789,Damaging,,,MODERATE,False,likely_pathogenic,0.9718,False,,16/22,
PSORS1C1,chr6,31138713,SNV,missense_variant,A,T,0.548,13,16,0/1,,ENST00000259881.10:c.101A>T,p.E34V,psoriasis susceptibility 1 candidate 1,,Q9UIG5-1,0.5536159600997507,,,,False,False,,0.024,,,False,protein_coding,0.0,Q9UIG5.147,,possibly_damaging(0.617),0.0,0.856,0.0,False,,29,ENST00000259881,,,,,,HGNC:17202,,NM_014068.3,deleterious_low_confidence(0),ENSP00000259881,ENSG00000204540,Damaging,,,MODERATE,False,ambiguous,0.3951,False,,5/6,
GPER1,chr7,1092574,SNV,missense_variant,C,A,0.586,15,21,0/1,,ENST00000397088.4:c.846C>A,p.H282Q,chromosome 7 open reading frame 50,,,0.6334164588528678,,,,False,False,,0.077,,,False,protein_coding,2.057e-06,Q99527.201,,benign(0.026),0.73,,0.0,False,,36,ENST00000397088,,,,,,HGNC:4485,rs1315461970,NM_001098201.3,tolerated(0.71),ENSP00000380277,ENSG00000164850,Neutral,,,MODERATE,False,likely_benign,0.1682,False,,2/2,
RHBDD2,chr7,75888195,SNV,missense_variant,C,G,0.315,23,11,0/1,,ENST00000006777.11:c.941C>G,p.P314R,rhomboid domain containing 2,Rhomboid family,Q6NTF9-1,0.6433915211970075,,,,False,False,,0.163,,,False,protein_coding,0.0,Q6NTF9.145,,probably_damaging(0.995),0.65,0.0462,0.0,False,,34,ENST00000006777,,,,,,HGNC:23082,COSV50087144,NM_001040456.3,deleterious(0),ENSP00000006777,ENSG00000005486,Damaging,,1,MODERATE,False,likely_benign,0.1448,False,,4/4,
LAMB1,chr7,107986085,SNV,missense_variant&splice_region_variant,C,G,0.236,25,7,0/1,,ENST00000222399.11:c.613G>C,p.V205L,laminin subunit beta 1,Laminin subunits,,0.3865336658354115,,,,False,False,,0.772,,,False,protein_coding,0.0,P07942.227,,possibly_damaging(0.864),0.0,0.631,0.0,False,,32,ENST00000222399,ENST00000393561;ENST00000222399;ENST00000393560;,,,,,HGNC:6486,,NM_002291.3,deleterious_low_confidence(0),ENSP00000222399,ENSG00000091136,Damaging,,,MODERATE,False,likely_pathogenic,0.5785,False,,7/34,
PTPRZ1,chr7,122011537,SNV,missense_variant,T,G,0.237,31,10,0/1,,ENST00000393386.7:c.2491T>G,p.L831V,"protein tyrosine phosphatase, receptor type Z1","Fibronectin type III domain containing Protein tyrosine phosphatases, receptor type",P23471-1,0.4738154613466334,,,,False,False,,0.088,,,False,protein_coding,0.0,P23471.232,,benign(0.001),0.99,0.535,0.0,False,,41,ENST00000393386,,,,,,HGNC:9685,rs868195881,NM_002851.3,tolerated_low_confidence(0.49),ENSP00000377047,ENSG00000106278,Neutral,,,MODERATE,False,likely_benign,0.0644,False,,12/30,
ADAM32,chr8,39254417,SNV,missense_variant,T,C,0.57,17,23,0/1,,ENST00000379907.9:c.1906T>C,p.C636R,ADAM metallopeptidase domain 32,ADAM metallopeptidase domain containing,,0.3241895261845386,,,,False,False,,0.848,,,False,protein_coding,1.39e-06,Q8TC27.170,,probably_damaging(0.995),0.0,,0.0,False,,40,ENST00000379907,ENST00000437682;ENST00000519315;ENST00000379907;,,,,,HGNC:15479,rs1328178468,NM_145004.7,deleterious(0),ENSP00000369238,ENSG00000197140,Damaging,,,MODERATE,False,likely_pathogenic,0.9947,False,,18/25,
PRSS3,chr9,33799057,substitution,missense_variant,CG,TA,0.175,33,6,0|1,33799000.0,ENST00000379405.4:c.621_622delinsTA,p.G208R,"protease, serine 3","Proteases, serine",P35030-3,0.5472636815920398,,,,False,False,,,,,False,protein_coding,0.0,P35030.218,,,0.0,0.152,0.0,False,,39,ENST00000379405,,,,,,HGNC:9486,,NM_002771.4,,ENSP00000368715,ENSG00000010438,,,,MODERATE,False,,,False,,5/5,
TRMT10B,chr9,37777622,substitution,missense_variant,AC,TA,0.806,6,30,0/1,,ENST00000297994.4:c.866_867delinsTA,p.Y289L,tRNA methyltransferase 10B,SPOUT methyltransferase domain containing,Q6PF06-1,0.472636815920398,,,,False,False,,,,,False,protein_coding,0.0,Q6PF06.149,,benign(0.155),0.0,,0.0,False,,36,ENST00000297994,,,,,,HGNC:26454,,NM_144964.4,deleterious(0.02),ENSP00000297994,ENSG00000165275,,,,MODERATE,False,,,False,,9/9,
SLC44A1,chr9,105244889,substitution,missense_variant,CT,TA,0.481,14,13,0/1,,ENST00000374720.8:c.21_22delinsTA,p.S8T,solute carrier family 44 member 1,Solute carriers CD molecules,Q8WWI5-1,0.8009950248756219,,,,False,False,,,,,False,protein_coding,0.0,Q8WWI5.166,,,1.0,0.274,0.0,False,,27,ENST00000374720,,,,,,HGNC:18798,,NM_080546.5,,ENSP00000363852,ENSG00000070214,,,,MODERATE,False,,,False,,1/16,
ANOS1,chrX,8731890,SNV,missense_variant,G,C,0.958,0,22,1|1,,ENST00000262648.8:c.147C>G,p.C49W,anosmin 1,WAP four-disulfide core domain containing Fibronectin type III domain containing,,0.7655860349127181,,,,False,False,,0.787,,,False,protein_coding,0.0,P23352.217,,,,,0.0,False,,22,ENST00000262648,ENST00000262648;,,,,,HGNC:6211,,NM_000216.4,deleterious(0.01),ENSP00000262648,ENSG00000011201,Damaging,,,MODERATE,False,likely_pathogenic,0.9976,False,,1/14,
KLHL13,chrX,117909830,SNV,missense_variant,C,A,0.222,14,3,0/1,,ENST00000540167.6:c.789G>T,p.M263I,kelch like family member 13,BTB domain containing Kelch like,Q9P2N7-3,0.4413965087281795,,,,False,False,,0.603,,,False,protein_coding,0.0,Q9P2N7.177,,benign(0.409),0.73,0.514,0.0,False,,17,ENST00000540167,,,,,,HGNC:22931,COSV53252349,NM_001168302.2,deleterious(0.02),ENSP00000441029,ENSG00000003096,Neutral,,1,MODERATE,False,,,False,,6/8,
ZFY,chrY,2979086,SNV,missense_variant,T,G,0.941,0,15,1|1,,ENST00000155093.8:c.1499T>G,p.F500C,"zinc finger protein, Y-linked",Zinc fingers C2H2-type,P08048-1,0.4389027431421446,,,,False,False,,,,,False,protein_coding,0.0,P08048.221,,benign(0.227),0.26,,0.0,False,,15,ENST00000155093,,,,,,HGNC:12870,,NM_003411.4,tolerated(0.17),ENSP00000155093,ENSG00000067646,Neutral,,,MODERATE,False,ambiguous,0.3459,False,,8/8,
